DATE,Open,High,Low,Close,Volume,Adj_Close
1/2/2014,554.125916,555.26355,550.549194,552.963501,3666400,552.963501
1/3/2014,553.897461,554.856201,548.894958,548.929749,3355000,548.929749
1/6/2014,552.908875,555.814941,549.645081,555.049927,3561600,555.049927
1/7/2014,558.865112,566.162659,556.95752,565.750366,5138400,565.750366
1/8/2014,569.297241,569.953003,562.983337,566.927673,4514100,566.927673
1/9/2014,568.025513,568.413025,559.143311,561.468201,4196000,561.468201
1/10/2014,565.859619,565.859619,557.499023,561.438354,4314700,561.438354
1/13/2014,559.595398,569.749329,554.975403,557.861633,4869100,557.861633
1/14/2014,565.298279,571.781128,560.400146,570.986267,4997400,570.986267
1/15/2014,572.769714,573.768188,568.199402,570.598816,3925700,570.598816
1/16/2014,570.83728,575.223694,570.290833,574.374268,3389600,574.374268
1/17/2014,574.687195,576.565002,568.403076,571.547607,5437700,571.547607
1/21/2014,576.71405,578.239136,571.930176,578.090088,3985400,578.090088
1/22/2014,579.535706,580.17157,575.68573,578.745789,3163200,578.745789
1/23/2014,576.252014,577.489014,573.4552,576.301697,3923400,576.301697
1/24/2014,571.786072,573.047852,557.871582,558.283875,7835500,558.283875
1/27/2014,559.41156,559.610291,537.638184,547.056946,8763800,547.056946
1/28/2014,551.572571,559.237671,551.383789,557.876526,4449100,557.876526
1/29/2014,555.944092,557.25061,546.157776,549.883545,4790600,549.883545
1/30/2014,568.800476,572.521301,559.982849,564.02655,10248900,564.02655
1/31/2014,581.890381,589.436279,571.845703,586.669312,11204900,586.669312
2/3/2014,585.789978,587.04187,562.347473,563.052856,9197600,563.052856
2/4/2014,565.318176,573.768188,564.831299,565.402588,5660300,565.402588
2/5/2014,567.995728,571.66687,560.365356,567.906311,4820000,567.906311
2/6/2014,571.845703,576.331543,570.067261,576.232178,3918300,576.232178
2/7/2014,580.042358,585.144226,576.530212,584.91571,5306500,584.91571
2/10/2014,582.113892,587.379639,580.73291,582.675232,3915500,582.675232
2/11/2014,586.271851,592.084045,582.317566,591.244507,4128200,591.244507
2/12/2014,590.658325,591.15509,586.872986,589.510803,3471300,589.510803
2/13/2014,586.559998,596.07312,586.018494,596.07312,3696500,596.07312
2/14/2014,593.941956,598.303589,592.546082,597.513733,4401800,597.513733
2/18/2014,596.823242,602.516235,596.122803,601.527649,4245100,601.527649
2/19/2014,598.755676,600.703003,594.880859,597.285217,4234500,597.285217
2/20/2014,597.682678,599.545532,596.232056,598.16449,3423700,598.16449
2/21/2014,600.002563,601.025879,597.53363,598.005554,3748800,598.005554
2/24/2014,598.785461,606.137634,598.656311,602.337402,3370300,602.337402
2/25/2014,604.041321,608.29364,601.299133,606.058167,2896000,606.058167
2/26/2014,608.045227,610.469482,602.958313,606.142639,3990000,606.142639
2/27/2014,605.258362,608.159485,604.572815,605.66571,2536300,605.66571
2/28/2014,606.227051,608.139648,599.212708,603.897217,4657300,603.897217
3/3/2014,599.476013,600.017456,592.218201,597.459106,4236900,597.459106
3/4/2014,603.574341,604.071106,600.842102,603.529602,2954400,603.529602
3/5/2014,603.599182,607.588196,601.790955,605.193787,2486500,605.193787
3/6/2014,607.190796,609.113281,605.362671,605.864441,2552600,605.864441
3/7/2014,609.436218,609.530579,601.805847,603.470032,3049900,603.470032
3/10/2014,603.917114,604.885803,598.154602,601.870422,2444900,601.870422
3/11/2014,602.963318,603.236511,594.453674,596.117798,3448200,596.117798
3/12/2014,594.334412,600.022461,588.26886,599.749207,3954000,599.749207
3/13/2014,600.072083,601.338867,588.552063,590.688171,4721500,590.688171
3/14/2014,587.175964,591.58728,582.476563,582.610657,4617500,582.610657
3/17/2014,585.814819,594.667236,585.248535,592.198303,4352200,592.198303
3/18/2014,593.475037,601.850525,592.675232,601.716431,3653500,601.716431
3/19/2014,601.98468,602.079041,593.345886,595.750244,3246700,595.750244
3/20/2014,596.097961,600.896729,593.81781,594.711975,3391200,594.711975
3/21/2014,599.257385,600.906677,587.40448,587.697571,6458700,587.697571
3/24/2014,588.26886,588.621582,569.272461,575.223694,6113500,575.223694
3/25/2014,579.232666,581.140259,569.794067,575.61615,4851700,575.61615
3/26/2014,577.250549,581.999634,562.094116,562.327576,5193400,562.327576
3/27/2014,564.893921,564.893921,549.896362,555.406067,13100,555.406067
3/28/2014,558.131104,563.33252,555.614929,556.927734,41300,556.927734
3/31/2014,563.789978,563.899353,553.88446,553.924255,10800,553.924255
4/1/2014,555.654724,565.341431,555.654724,564.058533,7900,564.058533
4/2/2014,596.708984,601.522522,559.115662,563.899353,147500,563.899353
4/3/2014,566.733765,584.068481,561.045044,566.62439,5113100,566.62439
4/4/2014,571.507568,574.610474,540.03064,540.169861,6386800,540.169861
4/7/2014,537.782959,545.480652,524.267273,535.207153,4413700,535.207153
4/8/2014,539.632813,551.965027,538.648193,551.86554,3159900,551.86554
4/9/2014,556.559753,562.27832,549.926208,561.054993,3339900,561.054993
4/10/2014,561.910339,561.910339,536.947571,537.991821,4047900,537.991821
4/11/2014,529.637756,537.046997,523.650696,527.698425,3935600,527.698425
4/14/2014,535.30658,541.124634,526.664124,529.60791,2582100,529.60791
4/15/2014,533.884399,535.505493,515.624817,533.50647,3865600,533.50647
4/16/2014,540.03064,553.954041,537.046997,553.496582,4906600,553.496582
4/17/2014,545.808838,546.495056,528.245422,533.168335,6828200,533.168335
4/21/2014,533.168335,533.765076,522.725769,525.729248,2573700,525.729248
4/22/2014,525.749146,534.292175,524.625305,531.885437,2371800,531.885437
4/23/2014,530.870972,530.950562,523.372192,524.058472,2057900,524.058472
4/24/2014,527.171326,528.742676,519.264832,522.288208,1888300,522.288208
4/25/2014,519.652649,521.830688,512.60144,513.3573,2106100,513.3573
4/28/2014,514.351807,515.764038,500.050446,514.32196,3344700,514.32196
4/29/2014,514.073364,526.564636,513.496521,524.81427,2706400,524.81427
4/30/2014,524.714844,525.112671,519.662598,523.779968,1755900,523.779968
5/1/2014,524.227539,530.015686,521.015198,528.444336,1910700,528.444336
5/2/2014,530.841125,531.079834,522.735718,525.04303,1693100,525.04303
5/5/2014,521.950012,526.007751,518.469177,524.923706,1026900,524.923706
5/6/2014,522.357788,523.929138,512.243408,512.322998,1693600,512.322998
5/7/2014,512.969421,513.854553,500.547729,507.171295,3233200,507.171295
5/8/2014,505.679504,514.40155,503.680481,508.205627,2026800,508.205627
5/9/2014,507.95697,517.056946,501.44281,515.893311,2446100,515.893311
5/12/2014,520.647217,527.290649,516.171814,527.022156,1917800,527.022156
5/13/2014,527.986816,533.138489,526.61438,530.174805,1657900,530.174805
5/14/2014,530.085327,530.085327,522.41748,523.77002,1195000,523.77002
5/15/2014,522.825195,522.994324,514.590515,517.136536,1709000,517.136536
5/16/2014,518.538818,518.946533,512.621338,517.782959,1489300,517.782959
5/19/2014,516.858032,526.882935,514.752625,525.967957,1281200,525.967957
5/20/2014,526.84314,533.297668,523.421936,526.872986,1789600,526.872986
5/21/2014,529.98584,536.234497,529.001282,535.992798,1199500,535.992798
5/22/2014,538.170837,544.605469,537.822754,542.079346,1620200,542.079346
5/23/2014,544.267334,550.612427,540.726807,549.677551,1937400,549.677551
5/27/2014,552.959534,562.904846,551.318542,562.855103,2109900,562.855103
5/28/2014,561.482666,564.734802,557.93219,558.608459,1656500,558.608459
5/29/2014,560.269348,560.915771,555.654724,557.017212,1357800,557.017212
5/30/2014,557.733276,558.280273,552.869995,556.828247,1776000,556.828247
6/2/2014,557.63385,557.832764,542.745667,550.900879,1438900,550.900879
6/3/2014,547.976929,549.319519,539.583069,541.960022,1871700,541.960022
6/4/2014,538.538818,545.609924,535.803833,541.681519,1821400,541.681519
6/5/2014,543.412048,551.915283,541.472717,550.871033,1693700,550.871033
6/6/2014,555.00824,555.00824,545.928223,553.28772,1741500,553.28772
6/9/2014,554.103271,559.821777,552.999329,559.046082,1471500,559.046082
6/10/2014,557.444885,560.517944,554.849121,557.484619,1355400,557.484619
6/11/2014,554.948608,556.818298,551.984863,555.783997,1103100,555.783997
6/12/2014,554.252441,554.93866,545.460754,548.334961,1462400,548.334961
6/13/2014,549.23999,549.279785,542.576599,548.742737,1223900,548.742737
6/16/2014,546.256409,546.614441,538.558716,541.30365,1707200,541.30365
6/17/2014,541.22406,542.337952,536.380676,540.040588,1448500,540.040588
6/18/2014,541.880432,550.532898,541.025146,550.343933,1746500,550.343933
6/19/2014,551.209167,551.965027,545.510498,551.86554,2463500,551.86554
6/20/2014,553.804871,554.530884,547.382202,553.317566,4520700,553.317566
6/23/2014,552.114197,561.910339,551.219116,561.860596,1541000,561.860596
6/24/2014,562.099304,569.514526,557.942139,561.53241,2213200,561.53241
6/25/2014,562.168884,576.788513,562.129089,575.485657,1974700,575.485657
6/26/2014,577.822815,579.264893,568.722839,572.850159,1746700,572.850159
6/27/2014,574.023682,576.698975,570.66217,574.083374,2243000,574.083374
6/30/2014,575.495605,576.400635,571.606995,572.134094,1317300,572.134094
7/1/2014,575.157471,581.204224,573.496582,579.483704,1451900,579.483704
7/2/2014,580.159973,582.238525,577.216125,579.150513,1059200,579.150513
7/3/2014,580.159973,581.810913,577.743286,581.53241,716100,581.53241
7/7/2014,580.567749,583.223145,576.420532,579.065979,1067500,579.065979
7/8/2014,574.501099,576.358887,563.039124,567.967041,1914700,567.967041
7/9/2014,568.454346,573.566223,566.26239,572.929749,1119800,572.929749
7/10/2014,562.815369,573.436951,561.920288,567.976929,1360400,567.976929
7/11/2014,568.782532,577.673645,568.295227,576.012756,1626200,576.012756
7/14/2014,579.414063,582.009827,574.86908,581.671631,1859100,581.671631
7/15/2014,582.536926,582.601563,573.407104,581.582153,1627500,581.582153
7/16/2014,584.784546,585.182373,579.016235,579.473755,1400900,579.473755
7/17/2014,576.36084,577.812866,565.500549,570.59259,3024800,570.59259
7/18/2014,589.757202,593.536438,578.817322,591.825806,4025100,591.825806
7/21/2014,588.514038,591.149536,582.032654,586.246521,2067800,586.246521
7/22/2014,587.489685,596.37085,587.3703,591.487671,1703800,591.487671
7/23/2014,589.985962,594.580688,589.259949,592.720886,1236500,592.720886
7/24/2014,593.188354,596.22168,588.533936,590.105286,1037900,590.105286
7/25/2014,587.171387,588.623413,583.819824,585.79895,935000,585.79895
7/28/2014,584.854187,589.259949,581.555298,587.3703,989500,587.3703
7/29/2014,585.530457,586.47522,580.324097,582.407593,1353500,582.407593
7/30/2014,583.342468,586.276367,580.806396,584.207703,1019200,584.207703
7/31/2014,577.424988,580.458313,566.882996,568.474243,2108500,568.474243
8/1/2014,567.280762,572.810364,559.772095,562.974487,1960600,562.974487
8/4/2014,565.928223,572.203735,561.015259,570.015747,1431200,570.015747
8/5/2014,566.932678,568.852173,559.533386,561.979919,1555500,561.979919
8/6/2014,558.707947,567.579163,556.937683,563.276794,1338000,563.276794
8/7/2014,564.893921,566.77356,558.031616,560.279297,1113900,560.279297
8/8/2014,560.47821,567.131592,557.285767,565.659729,1498800,565.659729
8/11/2014,566.873047,567.3703,562.904846,564.774536,1218000,564.774536
8/12/2014,561.432922,562.80542,557.812866,559.65271,1546200,559.65271
8/13/2014,564.207703,571.855652,562.656189,571.636841,1443200,571.636841
8/14/2014,573.029175,574.739746,567.758179,571.507568,988100,571.507568
8/15/2014,574.700012,576.21167,567.400146,570.343933,1523300,570.343933
8/18/2014,572.959534,581.313599,572.850159,578.976501,1287600,578.976501
8/19/2014,581.800964,584.128174,580.806396,583.650757,981300,583.650757
8/20/2014,582.676147,583.491638,579.384216,581.293762,1039500,581.293762
8/21/2014,580.62738,581.30365,577.962036,580.179871,917300,580.179871
8/22/2014,580.398682,582.035645,577.464783,579.374268,791200,579.374268
8/25/2014,581.522461,581.800964,575.83374,577.027222,1365100,577.027222
8/26/2014,578.081421,578.618469,573.427002,574.700012,1644100,574.700012
8/27/2014,574.11322,575.326538,566.985413,567.877502,1708000,567.877502
8/28/2014,566.445374,570.115173,563.99884,566.087341,1296400,566.087341
8/29/2014,568.205688,568.911804,563.968018,568.474243,1086700,568.474243
9/2/2014,568.722839,574.670166,568.066467,574.172913,1582700,574.172913
9/3/2014,576.828308,579.801941,571.855652,574.779541,1218400,574.779541
9/4/2014,576.828308,582.795471,576.052551,578.797485,1462100,578.797485
9/5/2014,580.786499,583.342468,578.767639,582.875061,1636800,582.875061
9/8/2014,583.392212,588.533936,583.093811,586.495117,1434900,586.495117
9/9/2014,585.679626,585.779053,576.828308,577.832764,1290700,577.832764
9/10/2014,578.320068,580.309143,573.785034,579.911316,980000,579.911316
9/11/2014,577.18634,578.628418,573.108765,578.170898,1224400,578.170898
9/12/2014,577.822815,578.45929,571.318604,572.472229,1606000,572.472229
9/15/2014,569.806885,571.805908,565.102783,569.966003,1601900,569.966003
9/16/2014,569.627869,578.320068,569.528442,576.778564,1484400,576.778564
9/17/2014,576.838257,584.30719,575.609985,581.572205,1697400,581.572205
9/18/2014,583.790039,586.316101,581.800964,586.047607,1448500,586.047607
9/19/2014,588.265381,593.21814,586.276367,592.820374,3746900,592.820374
9/22/2014,590.572693,590.700989,580.269348,584.157959,1694100,584.157959
9/23/2014,583.640808,583.640808,577.822815,577.952087,1475400,577.952087
9/24/2014,578.280273,586.40564,577.345459,584.774597,1732800,584.774597
9/25/2014,584.336975,584.764648,571.0401,571.915283,1931200,571.915283
9/26/2014,572.909851,576.082397,571.517517,573.944153,1447600,573.944153
9/29/2014,568.623413,575.028198,568.04657,573.208191,1285900,573.208191
9/30/2014,573.775085,576.679138,569.717407,574.202698,1626200,574.202698
10/1/2014,572.860107,574.421509,563.909302,565.162415,1449400,565.162415
10/2/2014,564.207703,568.782532,560.239502,566.962524,1181600,566.962524
10/3/2014,569.916321,574.068481,569.369324,572.134094,1144800,572.134094
10/6/2014,575.634827,577.822815,571.298706,574.192749,1217900,574.192749
10/7/2014,571.258911,572.124146,560.657227,560.657227,1916500,560.657227
10/8/2014,562.477173,570.74176,554.441406,569.369324,1996300,569.369324
10/9/2014,568.056519,568.364807,556.002808,557.812866,2531700,557.812866
10/10/2014,554.670105,562.039612,541.07489,541.512451,3090400,541.512451
10/13/2014,542.009766,546.495056,530.184753,530.294128,2588700,530.294128
10/14/2014,535.953064,544.197693,530.254395,534.998291,2228600,534.998291
10/15/2014,528.106201,529.886414,515.465698,527.131531,3729500,527.131531
10/16/2014,516.161865,526.534851,512.183716,521.641724,3718700,521.641724
10/17/2014,524.36676,528.076355,505.749115,508.374695,5554500,508.374695
10/20/2014,506.664093,518.906799,505.321472,517.991821,2614700,517.991821
10/21/2014,522.317993,523.909241,516.27124,523.660645,2342600,523.660645
10/22/2014,526.99231,536.848145,525.908264,529.796875,2927200,529.796875
10/23/2014,536.370728,544.227539,532.919739,541.005249,2355200,541.005249
10/24/2014,541.383179,541.90033,532.860046,536.828247,1978500,536.828247
10/27/2014,534.093262,541.432922,534.093262,537.812805,1188600,537.812805
10/28/2014,540.03064,545.977905,538.658142,545.898376,1274400,545.898376
10/29/2014,546.992371,551.159424,543.988831,546.325989,1775400,546.325989
10/30/2014,545.948059,549.777039,540.537842,547.300659,1459600,547.300659
10/31/2014,556.291199,556.51001,551.71637,556.022705,2040600,556.022705
11/3/2014,552.46228,554.849121,550.204651,552.183777,1386000,552.183777
11/4/2014,549.975952,552.46228,546.296143,551.079895,1247600,551.079895
11/5/2014,553.755127,553.755127,541.07489,542.934631,2037800,542.934631
11/6/2014,542.516968,543.894348,538.011719,539.075867,1336900,539.075867
11/7/2014,543.223083,543.223083,535.724304,538.051514,1638200,538.051514
11/10/2014,538.499023,546.584595,538.061462,544.496094,1137700,544.496094
11/11/2014,545.490601,548.921753,543.312561,547.280762,968200,547.280762
11/12/2014,547.380188,547.449829,542.188782,544.317078,1132700,544.317078
11/13/2014,546.793457,546.793457,540.507996,542.397583,1343000,542.397583
11/14/2014,543.690491,543.690491,539.185242,541.422974,1293000,541.422974
11/17/2014,540.607422,540.816284,531.140503,533.576111,1730700,533.576111
11/18/2014,534.560669,538.97644,531.248901,532.104187,1968000,532.104187
11/19/2014,532.074341,535.296631,527.181274,534.053467,1396000,534.053467
11/20/2014,528.344849,532.183777,528.175781,531.905273,1567600,531.905273
11/21/2014,538.648193,539.175354,533.625854,534.560669,2230300,534.560669
11/24/2014,534.7099,539.732239,532.690979,536.321045,1711000,536.321045
11/25/2014,536.05249,541.005249,535.656677,538.121094,1794800,538.121094
11/26/2014,537.922241,538.588562,534.105225,537.414978,1527100,537.414978
11/28/2014,537.663635,539.036072,533.665649,538.867004,1151500,538.867004
12/1/2014,535.953064,538.449341,528.951538,530.88092,2121100,530.88092
12/2/2014,530.592529,532.571655,526.902832,530.831177,1530800,530.831177
12/3/2014,528.533813,533.064941,526.365784,528.41449,1281400,528.41449
12/4/2014,528.255371,534.40155,525.699402,534.371765,1395900,534.371765
12/5/2014,528.096252,529.975891,521.412964,522.387634,2572600,522.387634
12/8/2014,524.247375,528.096252,520.925659,524.098206,2335700,524.098206
12/9/2014,519.284668,531.268799,517.653687,530.453308,1876400,530.453308
12/10/2014,530.164856,533.397095,522.685974,523.183228,1716900,523.183228
12/11/2014,524.913757,531.000305,524.21759,525.450806,1615200,525.450806
12/12/2014,520.647217,525.609924,515.82373,515.82373,2.00E+06,515.82373
12/15/2014,519.881409,520.239441,510.463196,510.990295,2821100,510.990295
12/16/2014,508.762543,510.244415,486.325928,492.680969,3975100,492.680969
12/17/2014,494.282166,504.227478,494.093201,502.129028,2891000,502.129028
12/18/2014,510.144958,511.059906,501.940063,508.305054,2934700,508.305054
12/19/2014,508.71283,514.888855,504.138977,513.526367,3700300,513.526367
12/22/2014,513.257813,523.581055,513.257813,521.999756,2731200,521.999756
12/23/2014,524.118103,531.63678,523.411987,527.688477,2203600,527.688477
12/24/2014,527.608948,528.851074,524.138,525.878418,707800,525.878418
12/26/2014,525.878418,531.328491,524.426392,531.10968,1043400,531.10968
12/29/2014,529.279724,532.551758,527.112671,527.429932,2284800,527.429932
12/30/2014,525.202148,528.245422,524.247375,527.519409,878600,527.519409
12/31/2014,528.344849,529.6875,522.924683,523.521423,1372000,523.521423
1/2/2015,526.114746,528.362366,521.231628,521.937744,1447600,521.937744
1/5/2015,520.39624,521.460388,510.252045,511.057617,2059800,511.057617
1/6/2015,512.181458,513.350037,498.3078,499.212799,2899900,499.212799
1/7/2015,504.22522,504.467896,496.915436,498.357513,2065100,498.357513
1/8/2015,495.264526,500.724487,488.312805,499.928864,3353600,499.928864
1/9/2015,501.997498,502.156616,492.082062,493.454498,2069400,493.454498
1/12/2015,492.231232,493.261566,484.891632,489.854309,2322400,489.854309
1/13/2015,496.109894,500.227234,489.69519,493.464447,2370500,493.464447
1/14/2015,491.94281,500.475861,490.301849,498.128784,2235700,498.128784
1/15/2015,502.80304,502.912445,495.035797,499.043732,2715800,499.043732
1/16/2015,497.273468,505.408722,497.263519,505.299316,2298300,505.299316
1/20/2015,508.203339,509.695129,503.246613,504.125763,2227900,504.125763
1/21/2015,504.473846,516.437988,503.429596,515.204773,2268700,515.204773
1/22/2015,518.625977,533.394714,516.855713,531.465332,2676900,531.465332
1/23/2015,532.658752,539.202759,530.082947,536.994873,2273000,536.994873
1/26/2015,535.582642,536.05011,526.771179,532.280823,1543700,532.280823
1/27/2015,527.069519,527.795532,515.354004,515.791565,1904000,515.791565
1/28/2015,519.918884,520.127686,507.208801,507.208801,1683800,507.208801
1/29/2015,508.203339,508.292847,498.45697,507.865204,4186400,507.865204
1/30/2015,513.036743,536.915344,512.698608,531.594604,5606400,531.594604
2/2/2015,528.819885,530.082947,515.712036,525.587646,2849800,525.587646
2/3/2015,525.110291,530.480713,520.39624,526.343506,2034800,526.343506
2/4/2015,526.343506,529.756714,518.417114,519.898987,1663700,519.898987
2/5/2015,520.92334,525.607544,519.232666,524.692566,1849800,524.692566
2/6/2015,524.752258,534.259949,523.528992,528.093872,1749400,528.093872
2/9/2015,525.110291,529.088379,523.141113,524.941223,1267800,524.941223
2/10/2015,526.403198,534.757202,524.036194,534.001343,1749900,534.001343
2/11/2015,532.370361,535.503113,530.458862,533.036682,1377800,533.036682
2/12/2015,534.309692,541.838257,531.746765,539.958557,1620200,539.958557
2/13/2015,540.376282,546.900391,540.157471,546.00531,1900300,546.00531
2/17/2015,543.837219,546.989868,538.128662,539.86908,1616800,539.86908
2/18/2015,538.436951,542.504578,534.568237,536.746277,1451600,536.746277
2/19/2015,535.097717,540.140015,535.067932,539.901306,991800,539.901306
2/20/2015,540.157471,540.774109,532.867615,536.000366,1444400,536.000366
2/23/2015,533.116211,533.503113,526.512573,528.998901,1457900,528.998901
2/24/2015,527.099365,533.852173,525.358948,533.156006,1005100,533.156006
2/25/2015,532.967041,543.230591,532.514526,540.893433,1826000,540.893433
2/26/2015,540.237061,553.096313,538.536377,552.43988,2311500,552.43988
2/27/2015,551.206665,561.619385,549.874023,555.343933,2410200,555.343933
3/2/2015,557.46228,569.018677,555.692017,568.213074,2129600,568.213074
3/3/2015,567.327942,572.240906,563.419495,570.500488,1704800,570.500488
3/4/2015,568.740173,573.951538,564.901306,570.231995,1718500,570.231995
3/5/2015,571.872925,574.747131,570.27179,572.181274,1389600,572.181274
3/6/2015,571.733704,573.523865,563.658142,564.578125,1659100,564.578125
3/9/2015,563.757629,567.148926,560.450806,565.736694,1062100,565.736694
3/10/2015,561.161926,561.758606,551.694031,551.972473,1772400,551.972473
3/11/2015,552.101746,555.085327,547.666138,548.163452,1820800,548.163452
3/12/2015,550.480652,553.325012,547.447388,552.469727,1389600,552.469727
3/13/2015,550.470703,555.343933,541.241516,544.324585,1703600,544.324585
3/16/2015,547.934692,553.802368,543.01178,551.47522,1641000,551.47522
3/17/2015,548.690552,550.769104,545.000854,547.825317,1803200,547.825317
3/18/2015,549.476196,556.71637,544.006287,556.437866,2130200,556.437866
3/19/2015,556.328491,557.730774,553.101257,554.936157,1197300,554.936157
3/20/2015,558.576111,558.645752,555.990356,557.293213,2616900,557.293213
3/23/2015,557.362793,559.282227,552.787964,555.751648,1630100,555.751648
3/24/2015,559.48114,571.445313,558.13855,567.069397,2583300,567.069397
3/25/2015,567.377686,569.128052,555.682068,555.726807,2152300,555.726807
3/26/2015,554.53833,555.841187,547.636353,552.131592,1572600,552.131592
3/27/2015,549.97345,552.240967,545.130127,545.338989,1894400,545.338989
3/30/2015,548.601013,550.440918,545.169922,549.008789,1287500,549.008789
3/31/2015,546.989868,551.674133,543.727844,545.000854,1588000,545.000854
4/1/2015,545.597534,548.123657,536.547363,539.590576,1952900,539.590576
4/2/2015,537.889954,537.889954,530.925293,532.59906,1716400,532.59906
4/6/2015,529.30719,535.463318,526.671692,533.827332,1324400,533.827332
4/7/2015,535.135132,539.71991,533.066528,534.080933,1302900,534.080933
4/8/2015,535.433472,540.873535,535.433472,538.645813,1178500,538.645813
4/9/2015,538.06897,538.983948,532.559326,537.820374,1557900,537.820374
4/10/2015,539.322083,539.322083,534.369324,537.054565,1409500,537.054565
4/13/2015,535.463318,541.082397,534.369324,536.219177,1645300,536.219177
4/14/2015,533.315125,534.62793,525.201782,527.487183,2597300,527.487183
4/15/2015,525.808838,531.805847,520.358765,529.617859,2325200,529.617859
4/16/2015,526.999878,532.658752,526.711487,530.87854,1299900,530.87854
4/17/2015,525.766663,526.940247,518.158569,521.181885,2144100,521.181885
4/20/2015,522.72345,533.156006,521.629456,532.44989,1679300,532.44989
4/21/2015,534.570618,536.440369,530.756592,531.049988,1849800,531.049988
4/22/2015,531.475281,538.118713,528.839783,536.413086,1593600,536.413086
4/23/2015,538.039124,547.944641,537.273376,544.006287,4184900,544.006287
4/24/2015,563.00177,568.01416,554.200195,561.967468,4932500,561.967468
4/27/2015,563.390015,565.950012,553.200012,555.369995,2398000,555.369995
4/28/2015,554.640015,556.02002,550.366028,553.679993,1491000,553.679993
4/29/2015,550.469971,553.679993,546.905029,549.080017,1698800,549.080017
4/30/2015,547.869995,548.590027,535.049988,537.340027,2082200,537.340027
5/1/2015,538.429993,539.539978,532.099976,537.900024,1768200,537.900024
5/4/2015,538.530029,544.070007,535.059998,540.780029,1308000,540.780029
5/5/2015,538.210022,539.73999,530.390991,530.799988,1383100,530.799988
5/6/2015,531.23999,532.380005,521.085022,524.219971,1567000,524.219971
5/7/2015,523.98999,533.460022,521.75,530.700012,1546300,530.700012
5/8/2015,536.650024,541.150024,525,538.219971,1527600,538.219971
5/11/2015,538.369995,541.97998,535.400024,535.700012,905300,535.700012
5/12/2015,531.599976,533.208984,525.26001,529.039978,1634200,529.039978
5/13/2015,530.559998,534.322021,528.655029,529.619995,1252300,529.619995
5/14/2015,533.77002,539,532.409973,538.400024,1403900,538.400024
5/15/2015,539.179993,539.273987,530.380005,533.849976,1971300,533.849976
5/18/2015,532.01001,534.820007,528.849976,532.299988,1998600,532.299988
5/19/2015,533.97998,540.659973,533.039978,537.359985,1966900,537.359985
5/20/2015,538.48999,542.919983,532.971985,539.27002,1430800,539.27002
5/21/2015,537.950012,543.840027,535.97998,542.51001,1462700,542.51001
5/22/2015,540.150024,544.190002,539.51001,540.109985,1176200,540.109985
5/26/2015,538.119995,539,529.880005,532.320007,2406500,532.320007
5/27/2015,532.799988,540.549988,531.710022,539.789978,1525000,539.789978
5/28/2015,538.01001,540.609985,536.25,539.780029,1029800,539.780029
5/29/2015,537.369995,538.630005,531.450012,532.109985,2584900,532.109985
6/1/2015,536.789978,536.789978,529.76001,533.98999,1904300,533.98999
6/2/2015,532.929993,543,531.330017,539.179993,1934700,539.179993
6/3/2015,539.909973,543.5,537.109985,540.309998,1717000,540.309998
6/4/2015,537.76001,540.590027,534.320007,536.700012,1348300,536.700012
6/5/2015,536.349976,537.200012,532.52002,533.330017,1388200,533.330017
6/8/2015,533.309998,534.119995,526.23999,526.830017,1520600,526.830017
6/9/2015,527.559998,529.200012,523.01001,526.690002,1455300,526.690002
6/10/2015,529.359985,538.359985,529.349976,536.690002,1815000,536.690002
6/11/2015,538.424988,538.97998,533.02002,534.609985,1217500,534.609985
6/12/2015,531.599976,533.119995,530.159973,532.330017,955800,532.330017
6/15/2015,528,528.299988,524,527.200012,1632700,527.200012
6/16/2015,528.400024,529.640015,525.559998,528.150024,1071800,528.150024
6/17/2015,529.369995,530.97998,525.099976,529.26001,1294200,529.26001
6/18/2015,531,538.150024,530.789978,536.72998,1833100,536.72998
6/19/2015,537.210022,538.25,533.01001,536.690002,1893500,536.690002
6/22/2015,539.590027,543.73999,537.530029,538.190002,1250300,538.190002
6/23/2015,539.640015,541.499023,535.25,540.47998,1197500,540.47998
6/24/2015,540,540,535.659973,537.840027,1286600,537.840027
6/25/2015,538.869995,540.900024,535.22998,535.22998,1335700,535.22998
6/26/2015,537.26001,537.76001,531.349976,531.690002,2109100,531.690002
6/29/2015,525.01001,528.609985,520.539978,521.52002,1937800,521.52002
6/30/2015,526.02002,526.25,520.5,520.51001,2235600,520.51001
7/1/2015,524.72998,525.690002,518.22998,521.840027,1961000,521.840027
7/2/2015,521.080017,524.650024,521.080017,523.400024,1235900,523.400024
7/6/2015,519.5,525.25,519,522.859985,1280500,522.859985
7/7/2015,523.130005,526.179993,515.179993,525.02002,1597200,525.02002
7/8/2015,521.049988,522.734009,516.109985,516.830017,1296700,516.830017
7/9/2015,523.119995,523.77002,520.349976,520.679993,1842300,520.679993
7/10/2015,526.289978,532.559998,525.549988,530.130005,1956700,530.130005
7/13/2015,532.880005,547.109985,532.400024,546.549988,2206500,546.549988
7/14/2015,546.76001,565.848999,546.710022,561.099976,3244100,561.099976
7/15/2015,560.130005,566.502991,556.789978,560.219971,1784600,560.219971
7/16/2015,565.119995,580.679993,565,579.849976,4768300,579.849976
7/17/2015,649,674.468018,645,672.929993,11164900,672.929993
7/20/2015,659.23999,668.880005,653.01001,663.02002,5860900,663.02002
7/21/2015,655.210022,673,654.299988,662.299988,3377200,662.299988
7/22/2015,660.890015,678.640015,659,662.099976,3929300,662.099976
7/23/2015,661.27002,663.630005,641,644.280029,3029100,644.280029
7/24/2015,647,648.169983,622.52002,623.559998,3625700,623.559998
7/27/2015,621,634.299988,620.5,627.26001,2675400,627.26001
7/28/2015,632.830017,632.830017,623.309998,628,1727300,628
7/29/2015,628.799988,633.359985,622.650024,631.929993,1575100,631.929993
7/30/2015,630,635.219971,622.049988,632.590027,1474200,632.590027
7/31/2015,631.380005,632.909973,625.5,625.609985,1706100,625.609985
8/3/2015,625.340027,633.05603,625.340027,631.210022,1304500,631.210022
8/4/2015,628.419983,634.809998,627.159973,629.25,1490900,629.25
8/5/2015,634.330017,647.859985,633.159973,643.780029,2334300,643.780029
8/6/2015,645,645.379028,632.25,642.679993,1572600,642.679993
8/7/2015,640.22998,642.679993,629.710022,635.299988,1403900,635.299988
8/10/2015,639.47998,643.440002,631.249023,633.72998,1809200,633.72998
8/11/2015,669.200012,674.900024,654.27002,660.780029,5000900,660.780029
8/12/2015,663.080017,665,652.289978,659.559998,2936700,659.559998
8/13/2015,659.322021,664.5,651.661011,656.450012,1810700,656.450012
8/14/2015,655.01001,659.85498,652.659973,657.119995,1069900,657.119995
8/17/2015,656.799988,661.380005,651.23999,660.869995,1051700,660.869995
8/18/2015,661.900024,664,653.460022,656.130005,1456100,656.130005
8/19/2015,656.599976,667,654.190002,660.900024,2134100,660.900024
8/20/2015,655.460022,662.98999,642.900024,646.830017,2855300,646.830017
8/21/2015,639.780029,640.049988,612.330017,612.47998,4265200,612.47998
8/24/2015,573,599.330017,565.049988,589.609985,5770300,589.609985
8/25/2015,614.909973,617.450012,581.109985,582.059998,3538000,582.059998
8/26/2015,610.349976,631.710022,599.049988,628.619995,4235900,628.619995
8/27/2015,639.400024,643.590027,622,637.609985,3491300,637.609985
8/28/2015,632.820007,636.880005,624.559998,630.380005,1978700,630.380005
8/31/2015,627.539978,635.799988,617.679993,618.25,2161200,618.25
9/1/2015,602.359985,612.859985,594.099976,597.789978,3702100,597.789978
9/2/2015,605.590027,614.340027,599.710022,614.340027,2575600,614.340027
9/3/2015,617,619.710022,602.820984,606.25,1759600,606.25
9/4/2015,600,603.469971,595.25,600.700012,2089000,600.700012
9/8/2015,612.48999,616.309998,604.119995,614.659973,2279500,614.659973
9/9/2015,621.219971,626.52002,609.599976,612.719971,1693900,612.719971
9/10/2015,613.099976,624.159973,611.429993,621.349976,1905300,621.349976
9/11/2015,619.75,625.780029,617.419983,625.77002,1373500,625.77002
9/14/2015,625.700012,625.859985,619.429993,623.23999,1702300,623.23999
9/15/2015,626.700012,638.700012,623.780029,635.140015,2082100,635.140015
9/16/2015,635.469971,637.950012,632.320007,635.97998,1286500,635.97998
9/17/2015,637.789978,650.900024,635.02002,642.900024,2274700,642.900024
9/18/2015,636.789978,640,627.02002,629.25,5087600,629.25
9/21/2015,634.400024,636.48999,625.940002,635.440002,1788500,635.440002
9/22/2015,627,627.549988,615.429993,622.690002,2562900,622.690002
9/23/2015,622.049988,628.929993,620,622.359985,1470900,622.359985
9/24/2015,616.640015,627.320007,612.400024,625.799988,2240100,625.799988
9/25/2015,629.77002,629.77002,611,611.969971,2174000,611.969971
9/28/2015,610.340027,614.60498,589.380005,594.890015,3127700,594.890015
9/29/2015,597.280029,605,590.219971,594.969971,2309500,594.969971
9/30/2015,603.280029,608.76001,600.72998,608.419983,2403800,608.419983
10/1/2015,608.369995,612.090027,599.849976,611.289978,1867600,611.289978
10/2/2015,607.200012,627.340027,603.130005,626.909973,2684800,626.909973
10/5/2015,632,643.01001,627,641.469971,1803600,641.469971
10/6/2015,638.840027,649.25,636.530029,645.440002,2166300,645.440002
10/7/2015,649.23999,650.609009,632.150024,642.359985,2092700,642.359985
10/8/2015,641.359985,644.450012,625.559998,639.159973,2182100,639.159973
10/9/2015,640,645.98999,635.317993,643.609985,1648700,643.609985
10/12/2015,642.090027,648.5,639.01001,646.669983,1275200,646.669983
10/13/2015,643.150024,657.812012,643.150024,652.299988,1807700,652.299988
10/14/2015,653.210022,659.390015,648.849976,651.159973,1415500,651.159973
10/15/2015,654.659973,663.130005,654.460022,661.73999,1885700,661.73999
10/16/2015,664.109985,664.969971,657.200012,662.200012,1611100,662.200012
10/19/2015,661.179993,666.820007,659.580017,666.099976,1477300,666.099976
10/20/2015,664.039978,664.719971,644.195007,650.280029,2490000,650.280029
10/21/2015,654.150024,655.869995,641.72998,642.609985,1791100,642.609985
10/22/2015,646.700012,657.799988,644.01001,651.789978,4071000,651.789978
10/23/2015,727.5,730,701.5,702,6653900,702
10/26/2015,701.549988,719.150024,701.26001,712.780029,2716600,712.780029
10/27/2015,707.380005,713.619995,704.549988,708.48999,2245800,708.48999
10/28/2015,707.330017,712.97998,703.080017,712.950012,2178900,712.950012
10/29/2015,710.5,718.26001,710.01001,716.919983,1454100,716.919983
10/30/2015,715.72998,718,710.049988,710.809998,1908800,710.809998
11/2/2015,711.059998,721.619995,705.849976,721.109985,1886300,721.109985
11/3/2015,718.859985,724.650024,714.719971,722.159973,1565400,722.159973
11/4/2015,722,733.099976,721.900024,728.109985,1704600,728.109985
11/5/2015,729.469971,739.47998,729.469971,731.25,1861600,731.25
11/6/2015,731.5,735.409973,727.01001,733.76001,1511600,733.76001
11/9/2015,730.200012,734.710022,719.429993,724.890015,2069800,724.890015
11/10/2015,724.400024,730.590027,718.5,728.320007,1608000,728.320007
11/11/2015,732.460022,741,730.22998,735.400024,1366400,735.400024
11/12/2015,731,737.799988,728.64502,731.22998,1837200,731.22998
11/13/2015,729.169983,731.150024,716.72998,717,2075500,717
11/16/2015,715.599976,729.48999,711.330017,728.960022,1905900,728.960022
11/17/2015,729.289978,731.844971,723.026978,725.299988,1510900,725.299988
11/18/2015,727.580017,741.409973,727,740,1684300,740
11/19/2015,738.73999,742,737.429993,738.409973,1327100,738.409973
11/20/2015,746.530029,757.919983,743,756.599976,2212300,756.599976
11/23/2015,757.450012,762.708008,751.820007,755.97998,1414500,755.97998
11/24/2015,752,755.278992,737.630005,748.280029,2333100,748.280029
11/25/2015,748.140015,752,746.059998,748.150024,1122100,748.150024
11/27/2015,748.460022,753.409973,747.48999,750.26001,838500,750.26001
11/30/2015,748.809998,754.929993,741.27002,742.599976,2097600,742.599976
12/1/2015,747.109985,768.950012,746.700012,767.039978,2134600,767.039978
12/2/2015,768.900024,775.955017,758.960022,762.380005,2230400,762.380005
12/3/2015,766.01001,768.994995,745.630005,752.539978,2590600,752.539978
12/4/2015,753.099976,768.48999,750,766.809998,2757300,766.809998
12/7/2015,767.77002,768.72998,755.090027,763.25,1812300,763.25
12/8/2015,757.890015,764.799988,754.200012,762.369995,1829500,762.369995
12/9/2015,759.169983,764.22998,737.000977,751.609985,2700000,751.609985
12/10/2015,752.849976,755.849976,743.830017,749.460022,1984900,749.460022
12/11/2015,741.159973,745.710022,736.75,738.869995,2224400,738.869995
12/14/2015,741.789978,748.72998,724.169983,747.77002,2412500,747.77002
12/15/2015,753,758.080017,743.01001,743.400024,2666200,743.400024
12/16/2015,750,760.590027,739.434998,758.090027,1993300,758.090027
12/17/2015,762.419983,762.679993,749,749.429993,1553400,749.429993
12/18/2015,746.51001,754.130005,738.150024,739.309998,3148700,739.309998
12/21/2015,746.130005,750,740,747.77002,1525700,747.77002
12/22/2015,751.650024,754.849976,745.530029,750,1365400,750
12/23/2015,753.469971,754.210022,744,750.309998,1565900,750.309998
12/24/2015,749.549988,751.349976,746.619995,748.400024,527200,748.400024
12/28/2015,752.919983,762.98999,749.52002,762.51001,1515300,762.51001
12/29/2015,766.690002,779.97998,766.429993,776.599976,1765000,776.599976
12/30/2015,776.599976,777.599976,766.900024,771,1293300,771
12/31/2015,769.5,769.5,758.340027,758.880005,1500900,758.880005
1/4/2016,743,744.059998,731.257996,741.840027,3272800,741.840027
1/5/2016,746.450012,752,738.640015,742.580017,1950700,742.580017
1/6/2016,730,747.179993,728.919983,743.619995,1947000,743.619995
1/7/2016,730.309998,738.5,719.059998,726.390015,2963700,726.390015
1/8/2016,731.450012,733.22998,713,714.469971,2450900,714.469971
1/11/2016,716.609985,718.85498,703.539978,716.030029,2089300,716.030029
1/12/2016,721.679993,728.75,717.317017,726.070007,2024500,726.070007
1/13/2016,730.849976,734.73999,698.609985,700.559998,2501700,700.559998
1/14/2016,705.380005,721.924988,689.099976,714.719971,2225800,714.719971
1/15/2016,692.289978,706.73999,685.369995,694.450012,3608100,694.450012
1/19/2016,703.299988,709.97998,693.409973,701.789978,2268100,701.789978
1/20/2016,688.609985,706.849976,673.26001,698.450012,3445000,698.450012
1/21/2016,702.179993,719.190002,694.460022,706.590027,2412200,706.590027
1/22/2016,723.599976,728.130005,720.120972,725.25,2011800,725.25
1/25/2016,723.580017,729.679993,710.01001,711.669983,1711700,711.669983
1/26/2016,713.849976,718.280029,706.47998,713.039978,1324300,713.039978
1/27/2016,713.669983,718.234985,694.390015,699.98999,2194200,699.98999
1/28/2016,722.219971,733.690002,712.349976,730.960022,2676400,730.960022
1/29/2016,731.530029,744.98999,726.799988,742.950012,3474300,742.950012
2/1/2016,750.460022,757.859985,743.27002,752,5139200,752
2/2/2016,784.5,789.869995,764.650024,764.650024,6348100,764.650024
2/3/2016,770.219971,774.5,720.5,726.950012,6171000,726.950012
2/4/2016,722.809998,727,701.859985,708.01001,5145900,708.01001
2/5/2016,703.869995,703.98999,680.150024,683.570007,5105700,683.570007
2/8/2016,667.849976,684.030029,663.059998,682.73999,4247400,682.73999
2/9/2016,672.320007,699.900024,668.77002,678.109985,3604300,678.109985
2/10/2016,686.859985,701.309998,682.130005,684.119995,2638000,684.119995
2/11/2016,675,689.349976,668.867981,683.109985,3024000,683.109985
2/12/2016,690.26001,693.75,678.599976,682.400024,2141400,682.400024
2/16/2016,692.97998,698,685.049988,691,2520000,691
2/17/2016,698.090027,709.75,691.380005,708.400024,2492600,708.400024
2/18/2016,710,712.349976,696.030029,697.349976,1883200,697.349976
2/19/2016,695.030029,703.080994,694.049988,700.909973,1589300,700.909973
2/22/2016,707.450012,713.23999,702.51001,706.460022,1949800,706.460022
2/23/2016,701.450012,708.400024,693.580017,695.849976,2009300,695.849976
2/24/2016,688.919983,700,680.780029,699.559998,1963600,699.559998
2/25/2016,700.01001,705.97998,690.585022,705.75,1631900,705.75
2/26/2016,708.580017,713.429993,700.859985,705.070007,2243500,705.070007
2/29/2016,700.320007,710.890015,697.679993,697.77002,2481100,697.77002
3/1/2016,703.619995,718.809998,699.77002,718.809998,2151400,718.809998
3/2/2016,719,720,712,718.849976,1629000,718.849976
3/3/2016,718.679993,719.450012,706.02002,712.419983,1956800,712.419983
3/4/2016,714.98999,716.48999,706.02002,710.890015,1972100,710.890015
3/7/2016,706.900024,708.091003,686.900024,695.159973,2985100,695.159973
3/8/2016,688.590027,703.789978,685.340027,693.969971,2076300,693.969971
3/9/2016,698.469971,705.679993,694,705.23999,1421500,705.23999
3/10/2016,708.119995,716.440002,703.359985,712.820007,2829400,712.820007
3/11/2016,720,726.919983,717.125,726.820007,1970800,726.820007
3/14/2016,726.809998,735.5,725.150024,730.48999,1718300,730.48999
3/15/2016,726.919983,732.289978,724.77002,728.330017,1721000,728.330017
3/16/2016,726.369995,737.469971,724.51001,736.090027,1624400,736.090027
3/17/2016,736.450012,743.070007,736,737.780029,1860800,737.780029
3/18/2016,741.859985,742,731.830017,737.599976,2980700,737.599976
3/21/2016,736.5,742.5,733.515991,742.090027,1836500,742.090027
3/22/2016,737.460022,745,737.460022,740.75,1269700,740.75
3/23/2016,742.359985,745.719971,736.150024,738.059998,1432100,738.059998
3/24/2016,732.01001,737.747009,731,735.299988,1594900,735.299988
3/28/2016,736.789978,738.98999,732.5,733.530029,1301300,733.530029
3/29/2016,734.590027,747.25,728.76001,744.77002,1902100,744.77002
3/30/2016,750.099976,757.880005,748.73999,750.530029,1782400,750.530029
3/31/2016,749.25,750.849976,740.940002,744.950012,1718800,744.950012
4/1/2016,738.599976,750.340027,737,749.909973,1576700,749.909973
4/4/2016,750.059998,752.799988,742.429993,745.289978,1134200,745.289978
4/5/2016,738,742.799988,735.369995,737.799988,1132300,737.799988
4/6/2016,735.77002,746.23999,735.559998,745.690002,1050200,745.690002
4/7/2016,745.369995,747,736.280029,740.280029,1453200,740.280029
4/8/2016,743.969971,745.450012,735.549988,739.150024,1290800,739.150024
4/11/2016,743.02002,745,736.049988,736.099976,1220100,736.099976
4/12/2016,738,743.830017,731.01001,743.090027,1349700,743.090027
4/13/2016,749.159973,754.380005,744.260986,751.719971,1707100,751.719971
4/14/2016,754.01001,757.309998,752.705017,753.200012,1131000,753.200012
4/15/2016,753.97998,761,752.69397,759,1809300,759
4/18/2016,760.460022,768.049988,757.299988,766.609985,1556000,766.609985
4/19/2016,769.51001,769.900024,749.330017,753.929993,2030500,753.929993
4/20/2016,758,758.132019,750.01001,752.669983,1529200,752.669983
4/21/2016,755.380005,760.450012,749.549988,759.140015,3060500,759.140015
4/22/2016,726.299988,736.119995,713.609985,718.77002,5951900,718.77002
4/25/2016,716.099976,723.929993,715.590027,723.150024,1959200,723.150024
4/26/2016,725.419983,725.765991,703.026001,708.140015,2744600,708.140015
4/27/2016,707.289978,708.97998,692.36499,705.840027,3098600,705.840027
4/28/2016,708.26001,714.169983,689.549988,691.02002,2867300,691.02002
4/29/2016,690.700012,697.619995,689,693.01001,2487700,693.01001
5/2/2016,697.630005,700.640015,691,698.210022,1645300,698.210022
5/3/2016,696.869995,697.840027,692,692.359985,1543800,692.359985
5/4/2016,690.48999,699.75,689.01001,695.700012,1688600,695.700012
5/5/2016,697.700012,702.320007,695.719971,701.429993,1683500,701.429993
5/6/2016,698.380005,711.859985,698.106995,711.119995,1829300,711.119995
5/9/2016,712,718.710022,710,712.900024,1510300,712.900024
5/10/2016,716.75,723.5,715.719971,723.179993,1563100,723.179993
5/11/2016,723.409973,724.47998,712.799988,715.289978,1692100,715.289978
5/12/2016,717.059998,719.25,709,713.309998,1360700,713.309998
5/13/2016,711.929993,716.661987,709.26001,710.830017,1314500,710.830017
5/16/2016,709.130005,718.47998,705.650024,716.48999,1317100,716.48999
5/17/2016,715.98999,721.52002,704.109985,706.22998,2001200,706.22998
5/18/2016,703.669983,711.599976,700.630005,706.630005,1766800,706.630005
5/19/2016,702.359985,706,696.799988,700.320007,1670200,700.320007
5/20/2016,701.619995,714.580017,700.52002,709.73999,1828400,709.73999
5/23/2016,706.530029,711.478027,704.179993,704.23999,1320900,704.23999
5/24/2016,706.859985,720.969971,706.859985,720.090027,1929500,720.090027
5/25/2016,720.76001,727.51001,719.705017,725.27002,1629200,725.27002
5/26/2016,722.869995,728.330017,720.280029,724.119995,1542900,724.119995
5/27/2016,724.01001,733.935974,724,732.659973,1975000,732.659973
5/31/2016,731.73999,739.72998,731.26001,735.719971,2129500,735.719971
6/1/2016,734.530029,737.210022,730.659973,734.150024,1253600,734.150024
6/2/2016,732.5,733.02002,724.169983,730.400024,1337600,730.400024
6/3/2016,729.27002,729.48999,720.559998,722.340027,1226300,722.340027
6/6/2016,724.909973,724.909973,714.609985,716.549988,1565300,716.549988
6/7/2016,719.840027,721.97998,716.549988,716.650024,1336200,716.650024
6/8/2016,723.960022,728.570007,720.580017,728.280029,1583700,728.280029
6/9/2016,722.869995,729.539978,722.335999,728.580017,988900,728.580017
6/10/2016,719.469971,725.890015,716.429993,719.409973,1216400,719.409973
6/13/2016,716.51001,725.440002,716.51001,718.359985,1258900,718.359985
6/14/2016,716.47998,722.469971,713.119995,718.27002,1306100,718.27002
6/15/2016,719,722.97998,717.309998,718.919983,1214500,718.919983
6/16/2016,714.909973,716.650024,703.26001,710.359985,1982500,710.359985
6/17/2016,708.650024,708.820007,688.452026,691.719971,3402400,691.719971
6/20/2016,698.77002,702.47998,693.409973,693.710022,2082500,693.710022
6/21/2016,698.400024,702.77002,692.01001,695.940002,1465600,695.940002
6/22/2016,699.059998,700.859985,693.08197,697.460022,1184300,697.460022
6/23/2016,697.450012,701.950012,687,701.869995,2171400,701.869995
6/24/2016,675.169983,689.400024,673.450012,675.219971,4449000,675.219971
6/27/2016,671,672.299988,663.283997,668.26001,2629000,668.26001
6/28/2016,678.969971,680.330017,673,680.039978,2173800,680.039978
6/29/2016,683,687.429016,681.409973,684.109985,1932600,684.109985
6/30/2016,685.469971,692.320007,683.650024,692.099976,1597700,692.099976
7/1/2016,692.200012,700.650024,692.130005,699.210022,1344700,699.210022
7/5/2016,696.059998,696.940002,688.880005,694.950012,1462600,694.950012
7/6/2016,689.97998,701.679993,689.090027,697.77002,1411900,697.77002
7/7/2016,698.080017,698.200012,688.215027,695.359985,1303100,695.359985
7/8/2016,699.5,705.710022,696.434998,705.630005,1575200,705.630005
7/11/2016,708.049988,716.51001,707.23999,715.090027,1111800,715.090027
7/12/2016,719.119995,722.940002,715.909973,720.640015,1336900,720.640015
7/13/2016,723.619995,724,716.849976,716.97998,935900,716.97998
7/14/2016,721.580017,722.210022,718.030029,720.950012,950200,720.950012
7/15/2016,725.72998,725.73999,719.054993,719.849976,1279300,719.849976
7/18/2016,722.710022,736.130005,721.190002,733.780029,1295500,733.780029
7/19/2016,729.890015,736.98999,729,736.960022,1227500,736.960022
7/20/2016,737.330017,742.130005,737.099976,741.190002,1289700,741.190002
7/21/2016,740.359985,741.690002,735.830994,738.630005,1026300,738.630005
7/22/2016,741.859985,743.23999,736.559998,742.73999,1259800,742.73999
7/25/2016,740.669983,742.609985,737.5,739.77002,1032400,739.77002
7/26/2016,739.039978,741.690002,734.27002,738.419983,1186700,738.419983
7/27/2016,738.280029,744.460022,737,741.77002,1497100,741.77002
7/28/2016,747.039978,748.650024,739.299988,745.909973,3530200,745.909973
7/29/2016,772.710022,778.549988,766.77002,768.789978,3841500,768.789978
8/1/2016,761.090027,780.429993,761.090027,772.880005,2700500,772.880005
8/2/2016,768.690002,775.840027,767.849976,771.070007,1784500,771.070007
8/3/2016,767.179993,773.210022,766.820007,773.179993,1287400,773.179993
8/4/2016,772.219971,774.070007,768.794983,771.609985,1139400,771.609985
8/5/2016,773.780029,783.039978,772.340027,782.219971,1801200,782.219971
8/8/2016,782,782.630005,778.091003,781.76001,1107900,781.76001
8/9/2016,781.099976,788.940002,780.570007,784.26001,1318900,784.26001
8/10/2016,783.75,786.812012,782.778015,784.679993,786400,784.679993
8/11/2016,785,789.75,782.969971,784.849976,971100,784.849976
8/12/2016,781.5,783.39502,780.400024,783.219971,740500,783.219971
8/15/2016,783.75,787.48999,780.109985,782.440002,938200,782.440002
8/16/2016,780.299988,780.97998,773.44397,777.140015,1028000,777.140015
8/17/2016,777.320007,780.809998,773.530029,779.909973,924200,779.909973
8/18/2016,780.01001,782.859985,777,777.5,719400,777.5
8/19/2016,775,777.099976,773.130005,775.419983,861500,775.419983
8/22/2016,773.27002,774.539978,770.049988,772.150024,951400,772.150024
8/23/2016,775.47998,776.440002,771.784973,772.080017,928200,772.080017
8/24/2016,770.580017,774.5,767.070007,769.640015,1072000,769.640015
8/25/2016,767,771.890015,763.184998,769.409973,926900,769.409973
8/26/2016,769,776.080017,765.849976,769.539978,1166700,769.539978
8/29/2016,768.73999,774.98999,766.61499,772.150024,841000,772.150024
8/30/2016,769.330017,774.466003,766.840027,769.090027,1130000,769.090027
8/31/2016,767.01001,769.090027,765.380005,767.049988,1248600,767.049988
9/1/2016,769.25,771.02002,764.299988,768.780029,925100,768.780029
9/2/2016,773.01001,773.919983,768.409973,771.460022,1072700,771.460022
9/6/2016,773.450012,782,771,780.080017,1442800,780.080017
9/7/2016,780,782.72998,776.200012,780.349976,893700,780.349976
9/8/2016,778.590027,780.349976,773.580017,775.320007,1260600,775.320007
9/9/2016,770.099976,773.244995,759.659973,759.659973,1885500,759.659973
9/12/2016,755.130005,770.289978,754,769.02002,1311000,769.02002
9/13/2016,764.47998,766.219971,755.799988,759.690002,1395000,759.690002
9/14/2016,759.609985,767.679993,759.109985,762.48999,1087400,762.48999
9/15/2016,762.890015,773.799988,759.960022,771.76001,1305100,771.76001
9/16/2016,769.75,769.75,764.659973,768.880005,2049300,768.880005
9/19/2016,772.419983,774,764.440979,765.700012,1171100,765.700012
9/20/2016,769,773.330017,768.530029,771.409973,978600,771.409973
9/21/2016,772.659973,777.159973,768.301025,776.219971,1167800,776.219971
9/22/2016,780,789.849976,778.440002,787.210022,1486200,787.210022
9/23/2016,786.590027,788.929993,784.150024,786.900024,1411900,786.900024
9/26/2016,782.73999,782.73999,773.070007,774.210022,1533200,774.210022
9/27/2016,775.5,785.98999,774.307983,783.01001,1153200,783.01001
9/28/2016,777.849976,781.809998,774.969971,781.559998,1109800,781.559998
9/29/2016,781.440002,785.799988,774.231995,775.01001,1314700,775.01001
9/30/2016,776.330017,780.940002,774.090027,777.289978,1585300,777.289978
10/3/2016,774.25,776.065002,769.5,772.559998,1278800,772.559998
10/4/2016,776.030029,778.710022,772.890015,776.429993,1201400,776.429993
10/5/2016,779.309998,782.070007,775.650024,776.469971,1461200,776.469971
10/6/2016,779,780.47998,775.539978,776.859985,1070700,776.859985
10/7/2016,779.659973,779.659973,770.75,775.080017,933200,775.080017
10/10/2016,777.710022,789.380005,775.869995,785.940002,1161400,785.940002
10/11/2016,786.659973,792.280029,780.580017,783.070007,1372500,783.070007
10/12/2016,783.76001,788.130005,782.059998,786.140015,937400,786.140015
10/13/2016,781.219971,781.219971,773,778.190002,1365300,778.190002
10/14/2016,781.650024,783.950012,776,778.530029,852500,778.530029
10/17/2016,779.799988,785.849976,777.5,779.960022,1093000,779.960022
10/18/2016,787.849976,801.609985,785.565002,795.26001,1995600,795.26001
10/19/2016,798.23999,804.599976,798.030029,801.5,1766800,801.5
10/20/2016,803.299988,803.969971,796.030029,796.969971,1757500,796.969971
10/21/2016,795,799.5,794,799.369995,1266200,799.369995
10/24/2016,804.900024,815.179993,804.820007,813.109985,1697500,813.109985
10/25/2016,816.679993,816.679993,805.140015,807.669983,1576400,807.669983
10/26/2016,806.340027,806.97998,796.320007,799.070007,1647700,799.070007
10/27/2016,801,803.48999,791.5,795.349976,2749200,795.349976
10/28/2016,808.349976,815.48999,793.590027,795.369995,4269900,795.369995
10/31/2016,795.469971,796.859985,784,784.539978,2427300,784.539978
11/1/2016,782.890015,789.48999,775.539978,783.609985,2406400,783.609985
11/2/2016,778.200012,781.650024,763.450012,768.700012,1872400,768.700012
11/3/2016,767.25,769.950012,759.030029,762.130005,1943200,762.130005
11/4/2016,750.659973,770.359985,750.560974,762.02002,2134800,762.02002
11/7/2016,774.5,785.190002,772.549988,782.52002,1585100,782.52002
11/8/2016,783.400024,795.632996,780.190002,790.51001,1350800,790.51001
11/9/2016,779.940002,791.22699,771.669983,785.309998,2607100,785.309998
11/10/2016,791.169983,791.169983,752.179993,762.559998,4745200,762.559998
11/11/2016,756.539978,760.780029,750.380005,754.02002,2431800,754.02002
11/14/2016,755.599976,757.849976,727.539978,736.080017,3631700,736.080017
11/15/2016,746.969971,764.416016,746.969971,758.48999,2384000,758.48999
11/16/2016,755.200012,766.359985,750.51001,764.47998,1465200,764.47998
11/17/2016,766.919983,772.700012,764.22998,771.22998,1304000,771.22998
11/18/2016,771.369995,775,760,760.539978,1547100,760.539978
11/21/2016,762.609985,769.700012,760.599976,769.200012,1330600,769.200012
11/22/2016,772.630005,776.960022,767,768.27002,1593100,768.27002
11/23/2016,767.72998,768.28302,755.25,760.98999,1477400,760.98999
11/25/2016,764.26001,765,760.52002,761.679993,587400,761.679993
11/28/2016,760,779.530029,759.799988,768.23999,2188200,768.23999
11/29/2016,771.530029,778.5,768.23999,770.840027,1616600,770.840027
11/30/2016,770.070007,772.98999,754.830017,758.039978,2392900,758.039978
12/1/2016,757.440002,759.849976,737.025024,747.919983,3017900,747.919983
12/2/2016,744.590027,754,743.099976,750.5,1452500,750.5
12/5/2016,757.710022,763.900024,752.900024,762.52002,1394200,762.52002
12/6/2016,764.72998,768.830017,757.340027,759.109985,1690700,759.109985
12/7/2016,761,771.359985,755.799988,771.190002,1761000,771.190002
12/8/2016,772.47998,778.179993,767.22998,776.419983,1488100,776.419983
12/9/2016,780,789.429993,779.020996,789.289978,1821900,789.289978
12/12/2016,785.039978,791.25,784.35498,789.27002,2104100,789.27002
12/13/2016,793.900024,804.380005,793.340027,796.099976,2145200,796.099976
12/14/2016,797.400024,804,794.01001,797.070007,1704200,797.070007
12/15/2016,797.340027,803,792.919983,797.849976,1626500,797.849976
12/16/2016,800.400024,800.856018,790.289978,790.799988,2428300,790.799988
12/19/2016,790.219971,797.659973,786.27002,794.200012,1232100,794.200012
12/20/2016,796.76001,798.650024,793.27002,796.419983,951000,796.419983
12/21/2016,795.840027,796.676025,787.099976,794.559998,1211300,794.559998
12/22/2016,792.359985,793.320007,788.580017,791.26001,972200,791.26001
12/23/2016,790.900024,792.73999,787.280029,789.909973,623400,789.909973
12/27/2016,790.679993,797.859985,787.656982,791.549988,789100,791.549988
12/28/2016,793.700012,794.22998,783.200012,785.049988,1153800,785.049988
12/29/2016,783.330017,785.929993,778.919983,782.789978,742200,782.789978
12/30/2016,782.75,782.780029,770.409973,771.820007,1770000,771.820007
1/3/2017,778.809998,789.630005,775.799988,786.140015,1657300,786.140015
1/4/2017,788.359985,791.340027,783.159973,786.900024,1073000,786.900024
1/5/2017,786.080017,794.47998,785.02002,794.02002,1335200,794.02002
1/6/2017,795.26001,807.900024,792.203979,806.150024,1640200,806.150024
1/9/2017,806.400024,809.966003,802.830017,806.650024,1272400,806.650024
1/10/2017,807.859985,809.130005,803.51001,804.789978,1176800,804.789978
1/11/2017,805,808.150024,801.369995,807.909973,1065900,807.909973
1/12/2017,807.140015,807.390015,799.169983,806.359985,1353100,806.359985
1/13/2017,807.47998,811.223999,806.690002,807.880005,1099200,807.880005
1/17/2017,807.080017,807.140015,800.369995,804.609985,1355800,804.609985
1/18/2017,805.809998,806.205017,800.98999,806.070007,1294400,806.070007
1/19/2017,805.119995,809.47998,801.799988,802.174988,919300,802.174988
1/20/2017,806.909973,806.909973,801.690002,805.02002,1670000,805.02002
1/23/2017,807.25,820.869995,803.73999,819.309998,1963600,819.309998
1/24/2017,822.299988,825.900024,817.820984,823.869995,1474000,823.869995
1/25/2017,829.619995,835.77002,825.059998,835.669983,1494500,835.669983
1/26/2017,837.809998,838,827.01001,832.150024,2973900,832.150024
1/27/2017,834.710022,841.950012,820.440002,823.309998,2965800,823.309998
1/30/2017,814.659973,815.840027,799.799988,802.320007,3246600,802.320007
1/31/2017,796.859985,801.25,790.52002,796.789978,2160600,796.789978
2/1/2017,799.679993,801.190002,791.190002,795.695007,2029700,795.695007
2/2/2017,793.799988,802.700012,792,798.530029,1532100,798.530029
2/3/2017,802.98999,806,800.369995,801.48999,1463400,801.48999
2/6/2017,799.700012,801.669983,795.25,801.340027,1184500,801.340027
2/7/2017,803.98999,810.5,801.780029,806.969971,1241200,806.969971
2/8/2017,807,811.840027,803.190002,808.380005,1155300,808.380005
2/9/2017,809.51001,810.659973,804.539978,809.559998,989700,809.559998
2/10/2017,811.700012,815.25,809.780029,813.669983,1135000,813.669983
2/13/2017,816,820.958984,815.48999,819.23999,1213300,819.23999
2/14/2017,819,823,816,820.450012,1053600,820.450012
2/15/2017,819.359985,823,818.469971,818.97998,1313600,818.97998
2/16/2017,819.929993,824.400024,818.97998,824.159973,1287600,824.159973
2/17/2017,823.02002,828.070007,821.655029,828.070007,1611000,828.070007
2/21/2017,828.659973,833.450012,828.349976,831.659973,1262300,831.659973
2/22/2017,828.659973,833.25,828.640015,830.76001,982900,830.76001
2/23/2017,830.119995,832.460022,822.880005,831.330017,1472800,831.330017
2/24/2017,827.72998,829,824.200012,828.640015,1392200,828.640015
2/27/2017,824.549988,830.5,824,829.280029,1101500,829.280029
2/28/2017,825.609985,828.539978,820.200012,823.210022,2260800,823.210022
3/1/2017,828.849976,836.255005,827.26001,835.23999,1496500,835.23999
3/2/2017,833.849976,834.51001,829.640015,830.630005,942500,830.630005
3/3/2017,830.559998,831.359985,825.750977,829.080017,896400,829.080017
3/6/2017,826.950012,828.880005,822.400024,827.780029,1109000,827.780029
3/7/2017,827.400024,833.409973,826.52002,831.909973,1037600,831.909973
3/8/2017,833.51001,838.150024,831.789978,835.369995,989800,835.369995
3/9/2017,836,842,834.210022,838.679993,1261500,838.679993
3/10/2017,843.280029,844.909973,839.5,843.25,1704000,843.25
3/13/2017,844,848.684998,843.25,845.539978,1223600,845.539978
3/14/2017,843.640015,847.23999,840.799988,845.619995,779900,845.619995
3/15/2017,847.590027,848.630005,840.77002,847.200012,1381500,847.200012
3/16/2017,849.030029,850.849976,846.130005,848.780029,977600,848.780029
3/17/2017,851.609985,853.400024,847.109985,852.119995,1712300,852.119995
3/20/2017,850.01001,850.219971,845.150024,848.400024,1231500,848.400024
3/21/2017,851.400024,853.5,829.02002,830.460022,2463500,830.460022
3/22/2017,831.909973,835.549988,827.179993,829.590027,1401500,829.590027
3/23/2017,821,822.570007,812.257019,817.580017,3487100,817.580017
3/24/2017,820.080017,821.929993,808.890015,814.429993,1981000,814.429993
3/27/2017,806.950012,821.630005,803.369995,819.51001,1894300,819.51001
3/28/2017,820.409973,825.98999,814.026978,820.919983,1620500,820.919983
3/29/2017,825,832.765015,822.380005,831.409973,1786300,831.409973
3/30/2017,833.5,833.679993,829,831.5,1055300,831.5
3/31/2017,828.969971,831.640015,827.390015,829.559998,1401900,829.559998
4/3/2017,829.219971,840.849976,829.219971,838.549988,1671500,838.549988
4/4/2017,831.359985,835.179993,829.036011,834.570007,1045400,834.570007
4/5/2017,835.51001,842.450012,830.719971,831.409973,1555300,831.409973
4/6/2017,832.400024,836.390015,826.460022,827.880005,1254400,827.880005
4/7/2017,827.960022,828.484985,820.513,824.669983,1057300,824.669983
4/10/2017,825.390015,829.349976,823.77002,824.72998,978900,824.72998
4/11/2017,824.710022,827.427002,817.02002,823.349976,1079700,823.349976
4/12/2017,821.929993,826.659973,821.02002,824.320007,900500,824.320007
4/13/2017,822.140015,826.380005,821.440002,823.559998,1122400,823.559998
4/17/2017,825.01001,837.75,824.469971,837.169983,895000,837.169983
4/18/2017,834.219971,838.929993,832.710022,836.820007,836700,836.820007
4/19/2017,839.789978,842.219971,836.289978,838.210022,954200,838.210022
4/20/2017,841.440002,845.200012,839.320007,841.650024,959000,841.650024
4/21/2017,842.880005,843.880005,840.599976,843.190002,1323600,843.190002
4/24/2017,851.200012,863.450012,849.859985,862.76001,1372500,862.76001
4/25/2017,865,875,862.809998,872.299988,1672000,872.299988
4/26/2017,874.22998,876.049988,867.747986,871.72998,1237200,871.72998
4/27/2017,873.599976,875.400024,870.380005,874.25,2026800,874.25
4/28/2017,910.659973,916.849976,905.77002,905.960022,3219500,905.960022
5/1/2017,901.940002,915.679993,901.450012,912.570007,2116000,912.570007
5/2/2017,909.619995,920.77002,909.453003,916.440002,1587200,916.440002
5/3/2017,914.859985,928.099976,912.54303,927.039978,1499500,927.039978
5/4/2017,926.070007,935.929993,924.590027,931.659973,1422100,931.659973
5/5/2017,933.539978,934.900024,925.200012,927.130005,1911300,927.130005
5/8/2017,926.119995,936.924988,925.26001,934.299988,1329800,934.299988
5/9/2017,936.950012,937.5,929.530029,932.169983,1581800,932.169983
5/10/2017,931.97998,932,925.159973,928.780029,1173900,928.780029
5/11/2017,925.320007,932.530029,923.030029,930.599976,835000,930.599976
5/12/2017,931.530029,933.440002,927.849976,932.219971,1050600,932.219971
5/15/2017,932.950012,938.25,929.340027,937.080017,1108100,937.080017
5/16/2017,940,943.109985,937.580017,943,969500,943
5/17/2017,935.669983,939.333008,918.140015,919.619995,2362100,919.619995
5/18/2017,921,933.169983,918.75,930.23999,1596900,930.23999
5/19/2017,931.469971,937.755005,931,934.01001,1393000,934.01001
5/22/2017,935,941.882996,935,941.859985,1120400,941.859985
5/23/2017,947.919983,951.46698,942.575012,948.820007,1270800,948.820007
5/24/2017,952.97998,955.090027,949.5,954.960022,1024800,954.960022
5/25/2017,957.330017,972.629028,955.469971,969.539978,1660500,969.539978
5/26/2017,969.700012,974.97998,965.030029,971.469971,1252000,971.469971
5/30/2017,970.309998,976.200012,969.48999,975.880005,1466700,975.880005
5/31/2017,975.02002,979.27002,960.179993,964.859985,2448100,964.859985
6/1/2017,968.950012,971.5,960.01001,966.950012,1410500,966.950012
6/2/2017,969.460022,975.880005,966,975.599976,1751000,975.599976
6/5/2017,976.549988,986.909973,975.099976,983.679993,1252100,983.679993
6/6/2017,983.159973,988.25,975.140015,976.570007,1814600,976.570007
6/7/2017,980,983.97998,975.940002,980.940002,1453900,980.940002
6/8/2017,982.349976,984.570007,977.200012,983.409973,1471500,983.409973
6/9/2017,984.5,984.5,935.630005,949.830017,3309400,949.830017
6/12/2017,939.559998,949.35498,915.232971,942.900024,3763500,942.900024
6/13/2017,951.909973,959.97998,944.090027,953.400024,2013300,953.400024
6/14/2017,959.919983,961.150024,942.25,950.76001,1489700,950.76001
6/15/2017,933.969971,943.338989,924.440002,942.309998,2133100,942.309998
6/16/2017,940,942.039978,931.594971,939.780029,3094700,939.780029
6/19/2017,949.960022,959.98999,949.049988,957.369995,1533300,957.369995
6/20/2017,957.52002,961.619995,950.01001,950.630005,1126000,950.630005
6/21/2017,953.640015,960.099976,950.76001,959.450012,1202200,959.450012
6/22/2017,958.700012,960.719971,954.549988,957.090027,941400,957.090027
6/23/2017,956.830017,966,954.200012,965.590027,1527900,965.590027
6/26/2017,969.900024,973.309998,950.789978,952.27002,1598400,952.27002
6/27/2017,942.460022,948.289978,926.849976,927.330017,2579900,927.330017
6/28/2017,929,942.75,916,940.48999,2721400,940.48999
6/29/2017,929.919983,931.26001,910.619995,917.789978,3299200,917.789978
6/30/2017,926.049988,926.049988,908.309998,908.72998,2090200,908.72998
7/3/2017,912.179993,913.940002,894.789978,898.700012,1709800,898.700012
7/5/2017,901.76001,914.51001,898.5,911.710022,1813900,911.710022
7/6/2017,904.119995,914.94397,899.700012,906.690002,1424500,906.690002
7/7/2017,908.849976,921.539978,908.849976,918.590027,1637800,918.590027
7/10/2017,921.77002,930.380005,919.590027,928.799988,1192800,928.799988
7/11/2017,929.539978,931.429993,922,930.090027,1113200,930.090027
7/12/2017,938.679993,946.299988,934.469971,943.830017,1532100,943.830017
7/13/2017,946.289978,954.450012,943.01001,947.159973,1294700,947.159973
7/14/2017,952,956.909973,948.005005,955.98999,1053800,955.98999
7/17/2017,957,960.73999,949.241028,953.419983,1165500,953.419983
7/18/2017,953,968.039978,950.599976,965.400024,1154000,965.400024
7/19/2017,967.840027,973.039978,964.030029,970.890015,1224500,970.890015
7/20/2017,975,975.900024,961.51001,968.150024,1624500,968.150024
7/21/2017,962.25,973.22998,960.150024,972.919983,1711000,972.919983
7/24/2017,972.219971,986.200012,970.77002,980.340027,3248300,980.340027
7/25/2017,953.809998,959.700012,945.400024,950.700012,4661000,950.700012
7/26/2017,954.679993,955,942.278992,947.799988,2088300,947.799988
7/27/2017,951.780029,951.780029,920,934.090027,3213000,934.090027
7/28/2017,929.400024,943.830017,927.5,941.530029,1846400,941.530029
7/31/2017,941.890015,943.590027,926.039978,930.5,1970100,930.5
8/1/2017,932.380005,937.447021,929.26001,930.830017,1277700,930.830017
8/2/2017,928.609985,932.599976,916.679993,930.390015,1824400,930.390015
8/3/2017,930.340027,932.23999,922.23999,923.650024,1202500,923.650024
8/4/2017,926.75,930.307007,923.030029,927.960022,1082300,927.960022
8/7/2017,929.059998,931.700012,926.5,929.359985,1032200,929.359985
8/8/2017,927.090027,935.814026,925.609985,926.789978,1061600,926.789978
8/9/2017,920.609985,925.97998,917.25,922.900024,1192100,922.900024
8/10/2017,917.549988,919.26001,906.130005,907.23999,1824000,907.23999
8/11/2017,907.969971,917.780029,905.580017,914.390015,1206800,914.390015
8/14/2017,922.530029,924.66803,918.190002,922.669983,1064500,922.669983
8/15/2017,924.22998,926.549988,919.820007,922.219971,883400,922.219971
8/16/2017,925.289978,932.700012,923.445007,926.960022,1006700,926.960022
8/17/2017,925.780029,926.859985,910.97998,910.97998,1277200,910.97998
8/18/2017,910.309998,915.275024,907.153992,910.669983,1342700,910.669983
8/21/2017,910,913,903.400024,906.659973,943400,906.659973
8/22/2017,912.719971,925.859985,911.474976,924.690002,1166700,924.690002
8/23/2017,921.929993,929.929993,919.359985,927,1090200,927
8/24/2017,928.659973,930.840027,915.5,921.280029,1270300,921.280029
8/25/2017,923.48999,925.554993,915.5,915.890015,1053400,915.890015
8/28/2017,916,919.244995,911.869995,913.809998,1086500,913.809998
8/29/2017,905.099976,923.330017,905,921.289978,1185600,921.289978
8/30/2017,920.049988,930.81897,919.650024,929.570007,1301200,929.570007
8/31/2017,931.76001,941.97998,931.76001,939.330017,1582600,939.330017
9/1/2017,941.130005,942.47998,935.150024,937.340027,947400,937.340027
9/5/2017,933.080017,937,921.960022,928.450012,1326400,928.450012
9/6/2017,930.150024,930.914978,919.27002,927.809998,1527700,927.809998
9/7/2017,931.72998,936.409973,923.619995,935.950012,1212700,935.950012
9/8/2017,936.48999,936.98999,924.880005,926.5,1011500,926.5
9/11/2017,934.25,938.380005,926.919983,929.080017,1267000,929.080017
9/12/2017,932.590027,933.47998,923.861023,932.070007,1134400,932.070007
9/13/2017,930.659973,937.25,929.859985,935.090027,1102600,935.090027
9/14/2017,931.25,932.77002,924,925.109985,1397600,925.109985
9/15/2017,924.659973,926.48999,916.359985,920.289978,2505400,920.289978
9/18/2017,920.01001,922.080017,910.599976,915,1306900,915
9/19/2017,917.419983,922.419983,912.549988,921.809998,936700,921.809998
9/20/2017,922.97998,933.880005,922,931.580017,1669800,931.580017
9/21/2017,933,936.530029,923.830017,932.450012,1290600,932.450012
9/22/2017,927.75,934.72998,926.47998,928.530029,1052700,928.530029
9/25/2017,925.450012,926.400024,909.700012,920.969971,1856800,920.969971
9/26/2017,923.719971,930.820007,921.140015,924.859985,1666900,924.859985
9/27/2017,927.73999,949.900024,927.73999,944.48999,2239400,944.48999
9/28/2017,941.359985,950.690002,940.549988,949.5,1020300,949.5
9/29/2017,952,959.786011,951.51001,959.109985,1581000,959.109985
10/2/2017,959.97998,962.539978,947.840027,953.27002,1283400,953.27002
10/3/2017,954,958,949.140015,957.789978,888300,957.789978
10/4/2017,957,960.390015,950.690002,951.679993,952400,951.679993
10/5/2017,955.48999,970.909973,955.179993,969.960022,1213800,969.960022
10/6/2017,966.700012,979.460022,963.359985,978.890015,1173900,978.890015
10/9/2017,980,985.424988,976.109985,977,891400,977
10/10/2017,980,981.570007,966.080017,972.599976,968400,972.599976
10/11/2017,973.719971,990.710022,972.25,989.25,1693300,989.25
10/12/2017,987.450012,994.119995,985,987.830017,1262400,987.830017
10/13/2017,992,997.210022,989,989.679993,1169800,989.679993
10/16/2017,992.099976,993.906982,984,992,910500,992
10/17/2017,990.289978,996.440002,988.590027,992.179993,1290200,992.179993
10/18/2017,991.77002,996.719971,986.974976,992.809998,1057600,992.809998
10/19/2017,986,988.880005,978.390015,984.450012,1313600,984.450012
10/20/2017,989.440002,991,984.580017,988.200012,1183200,988.200012
10/23/2017,989.52002,989.52002,966.119995,968.450012,1478400,968.450012
10/24/2017,970,972.22998,961,970.539978,1212200,970.539978
10/25/2017,968.369995,976.090027,960.52002,973.330017,1211300,973.330017
10/26/2017,980,987.599976,972.200012,972.559998,2042100,972.559998
10/27/2017,1009.190002,1048.390015,1008.200012,1019.27002,5167700,1019.27002
10/30/2017,1014,1024.969971,1007.5,1017.109985,2085100,1017.109985
10/31/2017,1015.219971,1024,1010.419983,1016.640015,1330700,1016.640015
11/1/2017,1017.210022,1029.670044,1016.950012,1025.5,1373400,1025.5
11/2/2017,1021.76001,1028.089966,1013.01001,1025.579956,1049000,1025.579956
11/3/2017,1022.109985,1032.650024,1020.309998,1032.47998,1076400,1032.47998
11/6/2017,1028.98999,1034.869995,1025,1025.900024,1125200,1025.900024
11/7/2017,1027.27002,1033.969971,1025.130005,1033.329956,1112300,1033.329956
11/8/2017,1030.52002,1043.521973,1028.449951,1039.849976,1088700,1039.849976
11/9/2017,1033.98999,1033.98999,1019.666016,1031.26001,1245200,1031.26001
11/10/2017,1026.459961,1030.76001,1025.280029,1028.069946,720000,1028.069946
11/13/2017,1023.419983,1031.579956,1022.570007,1025.75,885800,1025.75
11/14/2017,1022.590027,1026.810059,1014.150024,1026,959200,1026
11/15/2017,1019.210022,1024.089966,1015.419983,1020.909973,854000,1020.909973
11/16/2017,1022.52002,1035.920044,1022.52002,1032.5,1129700,1032.5
11/17/2017,1034.01001,1034.420044,1017.75,1019.090027,1397100,1019.090027
11/20/2017,1020.26001,1022.609985,1017.5,1018.380005,953500,1018.380005
11/21/2017,1023.309998,1035.109985,1022.655029,1034.48999,1097000,1034.48999
11/22/2017,1035,1039.706055,1031.430054,1035.959961,746300,1035.959961
11/24/2017,1035.869995,1043.177979,1035,1040.609985,537000,1040.609985
11/27/2017,1040,1055.459961,1038.439941,1054.209961,1307900,1054.209961
11/28/2017,1055.089966,1062.375,1040,1047.410034,1424400,1047.410034
11/29/2017,1042.680054,1044.079956,1015.650024,1021.659973,2459400,1021.659973
11/30/2017,1022.369995,1028.48999,1015,1021.409973,1724000,1021.409973
12/1/2017,1015.799988,1022.48999,1002.02002,1010.169983,1909600,1010.169983
12/4/2017,1012.659973,1016.099976,995.570007,998.679993,1906400,998.679993
12/5/2017,995.940002,1020.609985,988.280029,1005.150024,2067300,1005.150024
12/6/2017,1001.5,1024.969971,1001.140015,1018.380005,1272000,1018.380005
12/7/2017,1020.429993,1034.23999,1018.070984,1030.930054,1458200,1030.930054
12/8/2017,1037.48999,1042.050049,1032.521973,1037.050049,1290800,1037.050049
12/11/2017,1035.5,1043.800049,1032.050049,1041.099976,1192800,1041.099976
12/12/2017,1039.630005,1050.310059,1033.689941,1040.47998,1279500,1040.47998
12/13/2017,1046.119995,1046.665039,1038.380005,1040.609985,1282700,1040.609985
12/14/2017,1045,1058.5,1043.109985,1049.150024,1558700,1049.150024
12/15/2017,1054.609985,1067.619995,1049.5,1064.189941,3275900,1064.189941
12/18/2017,1066.079956,1078.48999,1062,1077.140015,1554600,1077.140015
12/19/2017,1075.199951,1076.839966,1063.550049,1070.680054,1338700,1070.680054
12/20/2017,1071.780029,1073.380005,1061.52002,1064.949951,1268600,1064.949951
12/21/2017,1064.949951,1069.329956,1061.793945,1063.630005,995700,1063.630005
12/22/2017,1061.109985,1064.199951,1059.439941,1060.119995,755100,1060.119995
12/26/2017,1058.069946,1060.119995,1050.199951,1056.73999,760600,1056.73999
12/27/2017,1057.390015,1058.369995,1048.050049,1049.369995,1271900,1049.369995
12/28/2017,1051.599976,1054.75,1044.77002,1048.140015,837100,1048.140015
12/29/2017,1046.719971,1049.699951,1044.900024,1046.400024,887500,1046.400024
1/2/2018,1048.339966,1066.939941,1045.22998,1065,1237600,1065
1/3/2018,1064.310059,1086.290039,1063.209961,1082.47998,1430200,1082.47998
1/4/2018,1088,1093.569946,1084.001953,1086.400024,1004600,1086.400024
1/5/2018,1094,1104.25,1092,1102.22998,1279100,1102.22998
1/8/2018,1102.22998,1111.27002,1101.619995,1106.939941,1047600,1106.939941
1/9/2018,1109.400024,1110.569946,1101.230957,1106.26001,902500,1106.26001
1/10/2018,1097.099976,1104.599976,1096.109985,1102.609985,1042800,1102.609985
1/11/2018,1106.300049,1106.525024,1099.589966,1105.52002,978300,1105.52002
1/12/2018,1102.410034,1124.290039,1101.150024,1122.26001,1720500,1122.26001
1/16/2018,1132.51001,1139.910034,1117.832031,1121.76001,1575300,1121.76001
1/17/2018,1126.219971,1132.599976,1117.01001,1131.97998,1202600,1131.97998
1/18/2018,1131.410034,1132.51001,1117.5,1129.790039,1198200,1129.790039
1/19/2018,1131.829956,1137.859985,1128.300049,1137.51001,1778200,1137.51001
1/22/2018,1137.48999,1159.880005,1135.109985,1155.810059,1618000,1155.810059
1/23/2018,1159.849976,1171.626953,1158.75,1169.969971,1333100,1169.969971
1/24/2018,1177.329956,1179.859985,1161.050049,1164.23999,1416600,1164.23999
1/25/2018,1172.530029,1175.939941,1162.76001,1170.369995,1480500,1170.369995
1/26/2018,1175.079956,1175.839966,1158.109985,1175.839966,2018800,1175.839966
1/29/2018,1176.47998,1186.890015,1171.97998,1175.579956,1378900,1175.579956
1/30/2018,1167.829956,1176.52002,1163.52002,1163.689941,1556300,1163.689941
1/31/2018,1170.569946,1173,1159.130005,1169.939941,1538700,1169.939941
2/1/2018,1162.609985,1174,1157.52002,1167.699951,2412100,1167.699951
2/2/2018,1122,1123.069946,1107.277954,1111.900024,4857900,1111.900024
2/5/2018,1090.599976,1110,1052.030029,1055.800049,3798300,1055.800049
2/6/2018,1027.180054,1081.709961,1023.137024,1080.599976,3448000,1080.599976
2/7/2018,1081.540039,1081.780029,1048.26001,1048.579956,2369200,1048.579956
2/8/2018,1055.410034,1058.619995,1000.659973,1001.52002,2859100,1001.52002
2/9/2018,1017.25,1043.969971,992.559998,1037.780029,3505900,1037.780029
2/12/2018,1048,1061.5,1040.927979,1051.939941,2057700,1051.939941
2/13/2018,1045,1058.369995,1044.087036,1052.099976,1265100,1052.099976
2/14/2018,1048.949951,1071.719971,1046.75,1069.699951,1555800,1069.699951
2/15/2018,1079.069946,1091.479004,1064.339966,1089.52002,1843400,1089.52002
2/16/2018,1088.410034,1104.670044,1088.312988,1094.800049,1681600,1094.800049
2/20/2018,1090.569946,1113.949951,1088.52002,1102.459961,1423100,1102.459961
2/21/2018,1106.469971,1133.969971,1106.329956,1111.339966,1512900,1111.339966
2/22/2018,1116.189941,1122.819946,1102.589966,1106.630005,1317200,1106.630005
2/23/2018,1112.640015,1127.280029,1104.713989,1126.790039,1261000,1126.790039
2/26/2018,1127.800049,1143.959961,1126.694946,1143.75,1559100,1143.75
2/27/2018,1141.23999,1144.040039,1118,1118.290039,1774100,1118.290039
2/28/2018,1123.030029,1127.530029,1103.23999,1104.72998,1882600,1104.72998
3/1/2018,1107.869995,1110.119995,1067.000977,1069.52002,2515900,1069.52002
3/2/2018,1053.079956,1081.999023,1048.11499,1078.920044,2271600,1078.920044
3/5/2018,1075.140015,1097.099976,1069,1090.930054,1202200,1090.930054
3/6/2018,1099.219971,1101.849976,1089.775024,1095.060059,1532800,1095.060059
3/7/2018,1089.189941,1112.219971,1085.482056,1109.640015,1292500,1109.640015
3/8/2018,1115.319946,1127.599976,1112.800049,1126,1355100,1126
3/9/2018,1136,1160.800049,1132.46106,1160.040039,2128000,1160.040039
3/12/2018,1163.849976,1177.050049,1157.420044,1164.5,2172300,1164.5
3/13/2018,1170,1176.76001,1133.329956,1138.170044,1907200,1138.170044
3/14/2018,1145.209961,1158.589966,1141.439941,1149.48999,1291400,1149.48999
3/15/2018,1149.959961,1161.079956,1134.540039,1149.579956,1395400,1149.579956
3/16/2018,1154.140015,1155.880005,1131.959961,1135.72998,3092000,1135.72998
3/19/2018,1120.01001,1121.98999,1089.01001,1099.819946,2805900,1099.819946
3/20/2018,1099,1105.199951,1083.459961,1097.709961,1831900,1097.709961
3/21/2018,1092.73999,1106.300049,1085.150024,1090.880005,1877500,1090.880005
